{
  "hash": "84f9d9f7",
  "configHash": "1990b467",
  "lockfileHash": "dceb0b83",
  "browserHash": "84e02922",
  "optimized": {
    "@angular/cdk/tree": {
      "src": "../../../../../node_modules/@angular/cdk/fesm2022/tree.mjs",
      "file": "@angular_cdk_tree.js",
      "fileHash": "0a4fe5c9",
      "needsInterop": false
    },
    "@angular/common": {
      "src": "../../../../../node_modules/@angular/common/fesm2022/common.mjs",
      "file": "@angular_common.js",
      "fileHash": "cfe50599",
      "needsInterop": false
    },
    "@angular/common/http": {
      "src": "../../../../../node_modules/@angular/common/fesm2022/http.mjs",
      "file": "@angular_common_http.js",
      "fileHash": "347d4a93",
      "needsInterop": false
    },
    "@angular/core": {
      "src": "../../../../../node_modules/@angular/core/fesm2022/core.mjs",
      "file": "@angular_core.js",
      "fileHash": "3d904f3a",
      "needsInterop": false
    },
    "@angular/forms": {
      "src": "../../../../../node_modules/@angular/forms/fesm2022/forms.mjs",
      "file": "@angular_forms.js",
      "fileHash": "38dcd3dd",
      "needsInterop": false
    },
    "@angular/material/autocomplete": {
      "src": "../../../../../node_modules/@angular/material/fesm2022/autocomplete.mjs",
      "file": "@angular_material_autocomplete.js",
      "fileHash": "b80601f3",
      "needsInterop": false
    },
    "@angular/material/button": {
      "src": "../../../../../node_modules/@angular/material/fesm2022/button.mjs",
      "file": "@angular_material_button.js",
      "fileHash": "1adc5eac",
      "needsInterop": false
    },
    "@angular/material/core": {
      "src": "../../../../../node_modules/@angular/material/fesm2022/core.mjs",
      "file": "@angular_material_core.js",
      "fileHash": "e28d5107",
      "needsInterop": false
    },
    "@angular/material/dialog": {
      "src": "../../../../../node_modules/@angular/material/fesm2022/dialog.mjs",
      "file": "@angular_material_dialog.js",
      "fileHash": "6be86569",
      "needsInterop": false
    },
    "@angular/material/form-field": {
      "src": "../../../../../node_modules/@angular/material/fesm2022/form-field.mjs",
      "file": "@angular_material_form-field.js",
      "fileHash": "9373e178",
      "needsInterop": false
    },
    "@angular/material/icon": {
      "src": "../../../../../node_modules/@angular/material/fesm2022/icon.mjs",
      "file": "@angular_material_icon.js",
      "fileHash": "cb9eca5b",
      "needsInterop": false
    },
    "@angular/material/input": {
      "src": "../../../../../node_modules/@angular/material/fesm2022/input.mjs",
      "file": "@angular_material_input.js",
      "fileHash": "6c920847",
      "needsInterop": false
    },
    "@angular/material/list": {
      "src": "../../../../../node_modules/@angular/material/fesm2022/list.mjs",
      "file": "@angular_material_list.js",
      "fileHash": "83cb6e03",
      "needsInterop": false
    },
    "@angular/material/select": {
      "src": "../../../../../node_modules/@angular/material/fesm2022/select.mjs",
      "file": "@angular_material_select.js",
      "fileHash": "4c637a64",
      "needsInterop": false
    },
    "@angular/material/sidenav": {
      "src": "../../../../../node_modules/@angular/material/fesm2022/sidenav.mjs",
      "file": "@angular_material_sidenav.js",
      "fileHash": "ad851332",
      "needsInterop": false
    },
    "@angular/material/stepper": {
      "src": "../../../../../node_modules/@angular/material/fesm2022/stepper.mjs",
      "file": "@angular_material_stepper.js",
      "fileHash": "27e6389e",
      "needsInterop": false
    },
    "@angular/material/tree": {
      "src": "../../../../../node_modules/@angular/material/fesm2022/tree.mjs",
      "file": "@angular_material_tree.js",
      "fileHash": "d38b4617",
      "needsInterop": false
    },
    "@angular/platform-browser": {
      "src": "../../../../../node_modules/@angular/platform-browser/fesm2022/platform-browser.mjs",
      "file": "@angular_platform-browser.js",
      "fileHash": "798dc3af",
      "needsInterop": false
    },
    "@angular/platform-browser/animations": {
      "src": "../../../../../node_modules/@angular/platform-browser/fesm2022/animations.mjs",
      "file": "@angular_platform-browser_animations.js",
      "fileHash": "48363b2e",
      "needsInterop": false
    },
    "@angular/platform-browser/animations/async": {
      "src": "../../../../../node_modules/@angular/platform-browser/fesm2022/animations/async.mjs",
      "file": "@angular_platform-browser_animations_async.js",
      "fileHash": "4edffc77",
      "needsInterop": false
    },
    "@angular/router": {
      "src": "../../../../../node_modules/@angular/router/fesm2022/router.mjs",
      "file": "@angular_router.js",
      "fileHash": "101056b8",
      "needsInterop": false
    },
    "ngx-pagination": {
      "src": "../../../../../node_modules/ngx-pagination/fesm2020/ngx-pagination.mjs",
      "file": "ngx-pagination.js",
      "fileHash": "5df05973",
      "needsInterop": false
    },
    "ngx-skeleton-loader": {
      "src": "../../../../../node_modules/ngx-skeleton-loader/fesm2022/ngx-skeleton-loader.mjs",
      "file": "ngx-skeleton-loader.js",
      "fileHash": "9c5ab3cf",
      "needsInterop": false
    },
    "ngx-toastr": {
      "src": "../../../../../node_modules/ngx-toastr/fesm2022/ngx-toastr.mjs",
      "file": "ngx-toastr.js",
      "fileHash": "1b03b3f5",
      "needsInterop": false
    },
    "rxjs": {
      "src": "../../../../../node_modules/rxjs/dist/esm5/index.js",
      "file": "rxjs.js",
      "fileHash": "f9e6cb2c",
      "needsInterop": false
    }
  },
  "chunks": {
    "browser-M6DMTMKK": {
      "file": "browser-M6DMTMKK.js"
    },
    "chunk-PH4JOEI3": {
      "file": "chunk-PH4JOEI3.js"
    },
    "chunk-KGBEU66U": {
      "file": "chunk-KGBEU66U.js"
    },
    "chunk-BSFFDGDA": {
      "file": "chunk-BSFFDGDA.js"
    },
    "chunk-3N5CA433": {
      "file": "chunk-3N5CA433.js"
    },
    "chunk-76BYF5FW": {
      "file": "chunk-76BYF5FW.js"
    },
    "chunk-JI7CJ6SV": {
      "file": "chunk-JI7CJ6SV.js"
    },
    "chunk-VGR7AHIU": {
      "file": "chunk-VGR7AHIU.js"
    },
    "chunk-V3UDHIMW": {
      "file": "chunk-V3UDHIMW.js"
    },
    "chunk-MVU7FENQ": {
      "file": "chunk-MVU7FENQ.js"
    },
    "chunk-EZS7PFVJ": {
      "file": "chunk-EZS7PFVJ.js"
    },
    "chunk-QNR2L5CM": {
      "file": "chunk-QNR2L5CM.js"
    },
    "chunk-W3LXTBHQ": {
      "file": "chunk-W3LXTBHQ.js"
    },
    "chunk-QM42NDH2": {
      "file": "chunk-QM42NDH2.js"
    },
    "chunk-DYXI3HRL": {
      "file": "chunk-DYXI3HRL.js"
    },
    "chunk-XHU5GZOC": {
      "file": "chunk-XHU5GZOC.js"
    },
    "chunk-Z5H46ANP": {
      "file": "chunk-Z5H46ANP.js"
    },
    "chunk-R7GQRDZ6": {
      "file": "chunk-R7GQRDZ6.js"
    }
  }
}